Cell,Cycle,Capacity_Fade,SOH,Percentage_Change
Cell1,0,739.1109210621779,1.0,
Cell1,100,730.1929494056872,0.9879341903869114,-0.012065809613088563
Cell1,200,725.7467375962049,0.9819185685326265,-0.006089091675153924
Cell1,300,722.8431973239306,0.9779901456267633,-0.004000762417329384
Cell1,400,718.3668958430143,0.971933813142211,-0.006192631399850157
Cell1,500,714.9787006955092,0.9673496633874815,-0.004716524615919204
Cell1,600,711.6204053941345,0.9628059674337693,-0.004697056427146573
Cell1,700,709.5321170323996,0.9599805615275302,-0.0029345537956831924
Cell1,800,705.8480111354505,0.9549960513654362,-0.005192303221392969
Cell1,900,702.5449768529222,0.9505271222934892,-0.004679526230037756
Cell1,1000,699.4156477527364,0.9462932123200191,-0.004454275816195841
Cell1,1100,696.2835912151658,0.9420556121867812,-0.0044781047544962815
Cell1,1200,693.2672854322545,0.9379746201503268,-0.0043320075626759325
Cell1,1300,690.3687943593548,0.9340530286945622,-0.004180914250255685
Cell1,1400,687.6192406848993,0.9303329460978877,-0.003982731689092356
Cell1,1600,681.8263154580586,0.92249525210398,-0.008424611884144895
Cell1,1800,675.8871270316637,0.9144596673802964,-0.008710705779088168
Cell1,1900,672.743285643124,0.910206122615971,-0.004651429599416557
Cell1,2000,669.7317983178508,0.9061316498413767,-0.004476428660888487
Cell1,2100,667.4184829442038,0.9030017875869771,-0.0034540921895261922
Cell1,2200,663.9526202195469,0.8983125553947697,-0.005192937884140991
Cell1,2300,661.4396086354981,0.8949125087814178,-0.0037849260738181956
Cell1,2400,658.2324497447104,0.8905732968994196,-0.004848755425160944
Cell1,2500,656.3019662937012,0.8879613973915149,-0.0029328293549761852
Cell1,2600,652.7810452742547,0.8831976725985075,-0.005364788161964618
Cell1,2700,651.274269703515,0.8811590400633876,-0.0023082403841959698
Cell1,2800,648.8501025188361,0.877879197869749,-0.003722190937747949
Cell1,2900,645.0218397585212,0.872699646802078,-0.005900072675420143
Cell1,3000,644.1689847636143,0.871545753698075,-0.001322211035871601
Cell1,3100,642.0891597582703,0.8687317985174979,-0.003228694728460435
Cell1,3200,638.7729233128966,0.86424500722424,-0.0051647600570333685
Cell1,3300,637.8192441609972,0.8629547013652372,-0.0014929861881955997
Cell1,3500,632.2030179733683,0.8553560770889814,-0.008805357064785024
Cell1,3600,631.7444982024535,0.854735710432437,-0.0007252729864919427
Cell1,3700,629.5202834064332,0.8517263992010133,-0.0035207505603119804
Cell1,3800,625.4908168324312,0.8462746240219763,-0.00640085264957313
Cell1,3900,625.2583088284471,0.845960046064381,-0.0003717208913818215
Cell1,4000,623.5531647570597,0.8436530255309312,-0.0027271034183973253
Cell1,4100,620.4774481988763,0.8394916520881424,-0.0049325650674576504
Cell1,4200,619.5186640586243,0.8381944392978427,-0.0015452360807556298
Cell1,4300,617.6078318476868,0.8356091274637388,-0.0030843819916887005
Cell1,4400,615.7261856172588,0.8330633035869601,-0.003046668344212411
Cell1,4500,612.7444427379218,0.8290290743605105,-0.0048426442613414
Cell1,4600,612.349611637397,0.8284948770035598,-0.0006443650451738447
Cell1,4800,608.8768448422716,0.8237963037635181,-0.005671215804055718
Cell1,5000,604.2869401481527,0.8175862687561571,-0.00753831375425007
Cell1,5100,603.2069763171048,0.81612510264391,-0.0017871705630161383
Cell1,5200,599.8239008415256,0.8115478796870129,-0.005608482010991733
Cell1,5300,599.8621534882067,0.8115996346341946,6.377312845873284e-05
Cell1,5400,598.158701601549,0.8092949035875885,-0.0028397388912637656
Cell1,5500,594.2801484523485,0.8040473107856494,-0.00648415401935265
Cell1,5600,594.4675726175096,0.8043008913509206,0.0003153801547119972
Cell1,5700,592.857351306983,0.8021222991198484,-0.0027086781259348935
Cell1,5800,590.4253670448167,0.7988318806009727,-0.004102140686633837
Cell1,5900,589.4471143131173,0.7975083272562412,-0.0016568609451788063
Cell1,6000,588.1173065952115,0.7957091281373936,-0.0022560254951037306
Cell1,6100,585.5603691386312,0.7922496508333569,-0.0043476657257089935
Cell1,6200,585.7463794615072,0.7925013185026814,0.00031766207666961144
Cell1,6300,584.1518310216064,0.7903439313034647,-0.00272225061188891
Cell1,6400,581.2757619596863,0.7864526763105241,-0.004923495757755747
Cell1,6500,581.6547783101196,0.7869654766759802,0.0006520422409417304
Cell1,6600,580.0334389678039,0.7847718420047651,-0.0027874598520898353
Cell1,6700,577.6338801898363,0.7815252944168616,-0.004136931798686905
Cell1,6800,577.5893924134589,0.7814651034832552,-7.701725591791053e-05
Cell1,6900,576.416770813853,0.7798785735508862,-0.0020301993336583335
Cell1,7000,573.0979789577467,0.7753883248459464,-0.005757625426859758
Cell1,7100,573.0979789577467,0.7753883248459464,0.0
Cell1,7200,574.9714659926825,0.7779231095197319,0.003269051896401809
Cell1,7300,572.0375640082297,0.773953607918759,-0.005102691451631447
Cell1,7400,570.436583787218,0.7717875186682972,-0.002798732673766624
Cell1,7500,568.267859513994,0.7688532848321806,-0.003801867437788431
Cell1,7600,567.7929103307428,0.7682106895603251,-0.0008357839974576509
Cell1,7700,566.7532309264086,0.7668040273467023,-0.001831089091493765
Cell1,7800,564.2265724626601,0.7633855168204102,-0.004458128027992836
Cell1,7900,564.3176975749817,0.763508806992054,0.00016150446783091965
Cell1,8000,563.0464545433011,0.7617888445406081,-0.002252708070548559
Cell1,8100,560.0135969052836,0.757685458226604,-0.005386514049675606
Cell1,8200,560.6495828680589,0.75854593254061,0.0011356616451634327
Cell2,0,734.8189656975843,1.0,
Cell2,100,726.6220579061855,0.9888449969665424,-0.011155003033457622
Cell2,200,722.1571400208163,0.9827687821520125,-0.006144759626806828
Cell2,300,719.2156200035366,0.9787657281283765,-0.0040732409253682045
Cell2,400,714.5823074647996,0.9724603484974377,-0.00644217451605722
Cell2,500,711.1216758331502,0.9677508461666642,-0.00484287337581446
Cell2,600,708.0616104027846,0.9635864661312896,-0.00430315308105389
Cell2,700,705.4509534216545,0.9600336768008567,-0.0036870477692541037
Cell2,800,701.9102314870742,0.9552151812259377,-0.005019090154186889
Cell2,900,699.2549903478053,0.9516017182327118,-0.003782878522291089
Cell2,1000,696.6637550136685,0.9480753594217672,-0.0037057087470309114
Cell2,1100,693.9847933360154,0.9444296156362759,-0.003845415608854985
Cell2,1200,691.2011130181581,0.9406413624095582,-0.004011154631322622
Cell2,1300,688.2824454375678,0.9366694077964659,-0.004222602547391485
Cell2,1400,685.4468687684393,0.9328105298938839,-0.004119786416063254
Cell2,1600,679.5110214082981,0.9247325574445663,-0.008659821250341815
Cell2,1800,674.0054456104837,0.9172401327048375,-0.008102261220729101
Cell2,1900,670.6497832609933,0.9126734809087659,-0.004978687295991935
Cell2,2000,667.3525808571167,0.9081863860489503,-0.004916429537700329
Cell2,2100,665.2355876842753,0.905305413630347,-0.003172225947073448
Cell2,2200,661.5433404840155,0.9002807104413723,-0.005550285145015654
Cell2,2300,659.7519802009176,0.89784288511742,-0.002707850224578312
Cell2,2400,656.2873914063993,0.8931279975651788,-0.005251350353603024
Cell2,2500,654.6501051945633,0.890899848472318,-0.0024947701773263553
Cell2,2600,650.3893528573778,0.8851014783484051,-0.0065084421485261945
Cell2,2700,649.6653133077699,0.8841161478338061,-0.0011132401636450018
Cell2,2800,647.1329168947415,0.8806698616990649,-0.0038980015727402284
Cell2,2900,642.1348249865453,0.8738680613352823,-0.007723439463069637
Cell2,3000,641.7052831471693,0.8732835066906316,-0.0006689278055974635
Cell2,3100,638.9952205493706,0.869595438303303,-0.004223220018553575
Cell2,3200,634.9703545346578,0.8641180810185847,-0.006298741970640287
Cell2,3300,634.2086228227167,0.8630814560163735,-0.0011996335049362372
Cell2,3500,627.7048777025079,0.8542306431987776,-0.010254898603021423
Cell2,3600,628.1200744890406,0.8547956759563882,0.0006614522226628949
Cell2,3700,626.1354826394687,0.8520948857723898,-0.003159573989394149
Cell2,3800,621.1583132684733,0.8453215584586746,-0.007949029417745446
Cell2,3900,621.4628930235764,0.8457360547758919,0.0004903415902146602
Cell2,4000,619.5183548363003,0.84308977279618,-0.003128969097117573
Cell2,4100,615.5350095355564,0.8376689201961625,-0.006429745413752075
Cell2,4200,614.8821184840259,0.8367804142076015,-0.0010606887364913442
Cell2,4300,612.8973459219055,0.8340793780956168,-0.0032278911720734493
Cell2,4400,610.9128049558445,0.8313786571579407,-0.0032379663238317757
Cell2,4500,607.28245491411,0.8264381885374987,-0.005942501143018197
Cell2,4600,606.9661398070712,0.8260077218214709,-0.0005208698266830902
Cell2,4800,603.2893260278694,0.8210040216574294,-0.0060576917525753116
Cell2,5000,565.6961522931484,0.7698442455906362,-0.06231367291418699
Cell2,5100,577.9189479132826,0.7864779964744758,0.021606644433742384
Cell2,5200,575.4802012975294,0.783159156420534,-0.004219876549400037
Cell2,5300,580.878875800554,0.790506101389353,0.009381164618439186
Cell2,5400,581.026022733551,0.790706350620614,0.00025331775543424584
Cell2,5500,575.9512937736342,0.7838002564711534,-0.008734082057188619
Cell2,5600,578.8701634543729,0.7877724861181763,0.005067910624202643
Cell2,5700,578.0391777470296,0.7866416147796087,-0.0014355303828140764
Cell2,5800,575.294154472195,0.7829059691267659,-0.004748853331245861
Cell2,5900,574.6726428197767,0.7820601667163337,-0.0010803371589765964
Cell2,6000,573.0003167713386,0.779784332631335,-0.002910049868099507
Cell2,6100,567.463746839281,0.772249728612505,-0.009662420368725555
Cell2,6200,570.4755641019322,0.7763484487098992,0.005307506037921517
Cell2,6300,568.8010284364556,0.7740696076025702,-0.00293533285358627
Cell2,6400,562.7251821399774,0.765801113483464,-0.01068184829619545
Cell2,6500,565.7941735212776,0.7699776406616741,0.005453801391345436
Cell2,6600,563.8357095455017,0.7673124073631341,-0.003461442459874009
Cell2,6700,561.4334759774204,0.7640432571639407,-0.004260520444896443
Cell2,6800,564.0030095218641,0.7675400824561465,0.004576737323990887
Cell2,6900,562.1277485994194,0.764988078479678,-0.003324912971713445
Cell2,7000,556.2119202810296,0.7569373495320743,-0.01052399269228299
Cell2,7100,556.3346788557027,0.757104409148665,0.00022070468142976196
Cell2,7200,556.887525681366,0.7578567670102214,0.0009937306565186432
Cell2,7300,557.1166198494262,0.7581685365463312,0.00041138319228806175
Cell2,7400,501.4350458651225,0.6823926290322353,-0.09994599335297694
Cell2,7500,562.233702061415,0.7651322683644546,0.12124931573419828
Cell2,7600,558.6320678634678,0.7602308785445442,-0.006405937930689443
Cell2,7700,544.914770679986,0.7415632912559396,-0.024555155302746434
Cell3,0,735.119595112905,1.0,
Cell3,100,726.6872270437656,0.9885292568376656,-0.01147074316233443
Cell3,200,722.7328355075854,0.9831500075801718,-0.005441669247809755
Cell3,300,720.2066836195169,0.9797136253848631,-0.003495277596311741
Cell3,400,716.0503279000582,0.9740596396292251,-0.005771059633285058
Cell3,500,713.0840304729683,0.9700245173895108,-0.004142582317906429
Cell3,600,710.0583119725138,0.9659085633045299,-0.004243144385729036
Cell3,700,708.5077117739089,0.9637992463866932,-0.0021837645901184866
Cell3,800,705.5725275613336,0.9598064481643516,-0.004142769604054797
Cell3,900,703.2127351410794,0.9565963685583363,-0.003344507230759519
Cell3,1000,700.8922491815016,0.9534397584298558,-0.0032998349483990275
Cell3,1100,698.6703028506131,0.950417194012229,-0.0031701682155613753
Cell3,1200,696.3460284543626,0.9472554303866879,-0.0033267113068458087
Cell3,1300,693.9320435294495,0.9439716314770121,-0.0034666456420685554
Cell3,1400,691.4782753365478,0.9406337144779082,-0.0035360352872905176
Cell3,1600,686.4039761027119,0.9337310291630697,-0.0073383350060652885
Cell3,1800,681.1264227231039,0.9265518525846009,-0.007688698730408117
Cell3,1900,678.2317768750305,0.9226141996267461,-0.004249792331504021
Cell3,2000,675.4148558999498,0.918782277591464,-0.0041533308687773385
Cell3,2100,673.3918106771276,0.9160302829007071,-0.002995263141090554
Cell3,2200,669.9072324045648,0.911290131371992,-0.0051746668392936845
Cell3,2300,667.9872304226006,0.9086783087587351,-0.0028660714336109505
Cell3,2400,665.1830232248433,0.9048636815655549,-0.004197995216141059
Cell3,2500,663.1787555105219,0.9021372303491191,-0.0030131071364457584
Cell3,2600,659.6375677156237,0.8973200715923125,-0.005339718387348147
Cell3,2700,658.3707894367438,0.8955968441238823,-0.0019204156052949894
Cell3,2800,655.8547865798171,0.8921742678877798,-0.0038215590626056173
Cell3,2900,651.9694142612814,0.8868889070507597,-0.0059241350342159604
Cell3,3000,650.9774306129659,0.885539489003805,-0.0015215186887860277
Cell3,3100,648.7293266569452,0.8824813417703941,-0.0034534284144135396
Cell3,3200,645.0933332983059,0.8775352168366941,-0.005604792644994916
Cell3,3500,638.1805844078301,0.8681316464021255,-0.010715889521182187
Cell3,3600,637.7480160822042,0.8675432138144192,-0.0006778149260483479
Cell3,3700,635.89805559061,0.8650266702426075,-0.0029007702806490565
Cell3,3800,632.3420224158799,0.8601893169760496,-0.0055921434944904425
Cell3,3900,631.7149177351412,0.8593362521347534,-0.0009917175492194508
Cell3,4000,629.6603428366021,0.8565413669049242,-0.003252376730163653
Cell3,4100,626.6624752776828,0.8524632990927625,-0.004761086819306426
Cell3,4200,625.6675662566968,0.8511099015944503,-0.0015876313968619105
Cell3,4300,623.802889529931,0.8485733391913227,-0.002980299487029381
Cell3,4400,621.8625686928474,0.8459338763746832,-0.0031104710632965382
Cell3,4500,618.4472051369663,0.8412878792082541,-0.005492151687245261
Cell3,4600,617.397062827596,0.8398593466043734,-0.0016980306494194242
Cell3,4800,613.8286055479532,0.8350050925437199,-0.005779841684538822
Cell3,5000,608.9248500447693,0.8283344017666217,-0.007988802507511661
Cell3,5100,607.559576722663,0.8264771892379628,-0.0022421047884741974
Cell3,5200,604.4512359157004,0.8222488421395765,-0.0051161086518128895
Cell3,5300,604.3593651956008,0.8221238682976189,-0.00015199029241852458
Cell3,5400,602.5054696849569,0.8196019718293861,-0.0030675383181063554
Cell3,5500,599.4989362373487,0.8155121156106216,-0.004990051707215559
Cell3,5600,599.6266429328138,0.8156858379495635,0.0002130223887744087
Cell3,5700,597.9470266185133,0.8134010174584942,-0.002801103543507266
Cell3,5800,595.6181045337796,0.8102329314760005,-0.003894863559911199
Cell3,5900,594.1606611276211,0.8082503378737518,-0.0024469427558776458
Cell3,6000,592.2878485063985,0.8057027080272982,-0.0031520306606436232
Cell3,6100,589.3378363478698,0.8016897390109089,-0.004980706874145535
Cell3,6200,588.8489304022828,0.8010246690701301,-0.0008295851978837865
Cell3,6300,587.1626914231025,0.7987308396165412,-0.0028636189897268682
Cell3,6400,584.8877045881585,0.7956361229880251,-0.0038745425555396507
Cell3,6500,584.6155005204129,0.7952658375684073,-0.0004653954350729572
Cell3,6600,582.9967982685885,0.793063879869843,-0.0027688322502285034
Cell3,6700,582.4711285638903,0.7923487993466289,-0.0009016682531693965
Cell3,6800,582.6697890370449,0.7926190417323241,0.00034106492736296623
Cell3,6900,581.1245224090237,0.79051698019255,-0.0026520452185705423
Cell3,7000,578.701182313585,0.7872204552304226,-0.004170087480378282
Cell3,7100,580.2683002516004,0.7893522416069981,0.0027079915955072753
Cell3,7200,577.6091745887383,0.7857349721442602,-0.004582579578634838
Cell3,7300,575.9966217167189,0.7835413795877025,-0.0027917715697080014
Cell3,7400,574.0759611343926,0.7809286610653086,-0.003334499734741314
Cell3,7500,573.0825077442627,0.7795772436949453,-0.0017305260233625441
Cell3,7600,571.5622067833184,0.7775091435231484,-0.002652848307878708
Cell3,7700,569.8652392499695,0.7752007197719242,-0.0029689988477357154
Cell3,7800,569.3134736610447,0.7744501404204922,-0.0009682387184223318
Cell3,7900,567.8694270267266,0.7724857707534093,-0.0025364701541874535
Cell3,8000,566.4618704545966,0.7705710393525766,-0.002478662356414918
Cell3,8100,565.8573030034044,0.7697486324201382,-0.0010672694540005967
Cell4,0,734.0756158938327,1.0,
Cell4,100,725.6895677627597,0.9885760431902346,-0.011423956809765379
Cell4,200,720.520947044064,0.9815350509453115,-0.007122357752268882
Cell4,300,716.8993845363364,0.9766015503231474,-0.005026311202450229
Cell4,400,711.6089577103882,0.9693946267972837,-0.007379594598717398
Cell4,500,707.5381360146926,0.9638491194850175,-0.005720588044301089
Cell4,600,703.3674972372165,0.9581676356062787,-0.005894578066092282
Cell4,700,701.7227474914652,0.9559270629593468,-0.0023383931617708686
Cell4,800,698.0057685756904,0.9508635806214287,-0.005296933766309242
Cell4,900,694.5155634312847,0.9461090225502471,-0.005000252578897135
Cell4,1000,690.9174915491741,0.9412075222085834,-0.005180692948526855
Cell4,1100,687.1888481767409,0.9361281498773105,-0.0053966550536632685
Cell4,1200,682.9508147644314,0.9303548571530329,-0.006167203416577394
Cell4,1300,678.9738121475967,0.9249371555828859,-0.005823263595060468
Cell4,1400,674.7946724375373,0.9192440912451326,-0.006155082324663996
Cell4,1600,667.088694869066,0.908746565647462,-0.011419736822514182
Cell4,1800,659.50607827045,0.8984170894539459,-0.01136672927743787
Cell4,1900,655.8003460359124,0.8933689279916893,-0.005618950843115478
Cell4,2000,651.8358917402749,0.8879683204659777,-0.006045215315303332
Cell4,2100,649.1322951773172,0.8842853258201665,-0.004147664461586431
Cell4,2200,644.827599194441,0.8784212215103744,-0.006631461744944334
Cell4,2300,642.7345700249701,0.8755699768645183,-0.0032458740477075976
Cell4,2400,639.779528362064,0.8715444492500258,-0.004597608096280514
Cell4,2500,637.9124570016852,0.8690010173201893,-0.002918304318299758
Cell4,2600,632.8442960173883,0.8620968771000762,-0.007944916153727832
Cell4,2700,631.3567584678583,0.8600704679436861,-0.0023505585163543508
Cell4,2800,629.2342766774427,0.8571791012445877,-0.0033617788389028735
Cell4,2900,624.4071835805257,0.8506033575576933,-0.007671376585531187
Cell4,3000,624.0241576349928,0.8500815775976458,-0.0006134233487459229
Cell4,3100,621.0406372433505,0.8460172546218588,-0.0047810975827435875
Cell4,3200,617.4298009076539,0.8410983658077957,-0.005814170795206297
Cell4,3300,616.6100994219123,0.8399817213259552,-0.0013276027242880017
Cell4,3500,610.0098423460355,0.8309904717421638,-0.01070410147687284
Cell4,3600,609.0845318177422,0.8297299605519555,-0.0015168780305816476
Cell4,3700,606.8422394722121,0.8266753810277468,-0.003681414037618458
Cell4,3800,602.1429400557658,0.8202737252382077,-0.007743856822711281
Cell4,3900,602.2590640433417,0.820431916009106,0.0001928511983635417
Cell4,4000,600.8081319033984,0.8184553728458017,-0.0024091495281155506
Cell4,4100,596.5517044461636,0.812657022696203,-0.007084503739571701
Cell4,4200,595.6564765764431,0.8114374918327095,-0.0015006710450213845
Cell4,4300,593.6652687461142,0.8087249540679121,-0.003342879509635188
Cell4,4400,591.9132492154948,0.8063382523539667,-0.002951190886271382
Cell4,4500,588.273065831058,0.801379385303187,-0.006149859610781516
Cell4,4600,587.8162290155369,0.8007570559332556,-0.0007765727211660467
Cell4,4800,584.5267630762735,0.796275956346181,-0.005596078803017379
Cell4,5000,582.3379080207892,0.7932941721701475,-0.003744661825174078
Cell4,5100,581.233771613044,0.7917900540877062,-0.001896040756642181
Cell5,0,735.336070718255,1.0,
Cell5,100,726.3272216149664,0.9877486642339074,-0.012251335766092608
Cell5,200,721.6143905718282,0.9813395796931003,-0.006488578292108471
Cell5,300,718.1408943344795,0.9766158943257337,-0.004813507439334952
Cell5,400,713.4979226988899,0.9703018131586633,-0.006465265621577565
Cell5,500,709.9294524799296,0.9654489705455237,-0.0050013743634488295
Cell5,600,706.7197517896662,0.961084026653776,-0.004521154431685104
Cell5,700,704.4068227739054,0.9579386226570679,-0.0032727669064062104
Cell5,800,701.0295867753294,0.9533458437454102,-0.0047944396467891615
Cell5,900,698.2500120464782,0.949565837786861,-0.003964989183462331
Cell5,1000,695.5576916850586,0.9459044909977801,-0.0038558114070471605
Cell5,1100,692.5531943570523,0.9418186077565683,-0.004319551582741443
Cell5,1200,689.7775882497999,0.9380439988154602,-0.004007787603707791
Cell5,1300,687.1135597869533,0.9344211268132143,-0.003862155727045624
Cell5,1400,684.5275284553019,0.9309043248574427,-0.0037636156277475186
Cell5,1600,678.643903735009,0.9229030517598971,-0.008595161590608136
Cell5,1800,672.7264228388298,0.9148557368901135,-0.008719566865054817
Cell5,1900,669.6039858041315,0.9106094647989752,-0.0046414663207695606
Cell5,2000,666.5615613009338,0.9064720035423474,-0.004543617672084221
Cell5,2100,664.112144055915,0.9031409861442394,-0.003674705214381513
Cell5,2200,661.1156252944539,0.8990659531344564,-0.0045120674095199265
Cell5,2300,659.0852626643066,0.8963048174972992,-0.0030711157813628764
Cell5,2400,655.624570723609,0.8915985449798675,-0.005250749996605797
Cell5,2500,653.572031102383,0.8888072503555997,-0.00313066305455989
Cell5,2600,650.1803326333551,0.8841948036062991,-0.005189479212118542
Cell5,2700,648.6554560316094,0.8821210897461097,-0.0023453133311024388
Cell5,2800,646.3729055045605,0.8790169981369229,-0.003518895132730737
Cell5,2900,643.0682540069614,0.8745229285146191,-0.0051126083247866605
Cell5,3000,642.1361759560308,0.8732553746871288,-0.0014494232068257284
Cell5,3100,639.8080244546916,0.8700892692911768,-0.0036256351666731357
Cell5,3200,636.6188012020026,0.8657521731256456,-0.004984656538822185
Cell5,3300,635.56538229874,0.8643196051540599,-0.0016547090680854026
Cell5,3500,629.1525594045581,0.8555986636015559,-0.010089949945020105
Cell5,3600,628.5798251580507,0.8548197894658861,-0.0009103264986309867
Cell5,3700,626.4541623919168,0.8519290530383129,-0.0033816910455236604
Cell5,3800,622.7429618448283,0.8468821082536465,-0.005924137422790077
Cell5,3900,622.2255140708279,0.8461784194307999,-0.0008309170969471591
Cell5,4000,620.054371370107,0.8432258338210661,-0.003489318023165766
Cell5,4100,616.9927457990417,0.8390622606019872,-0.004937672746827215
Cell5,4200,616.0030105030721,0.8377162973949832,-0.001604127929717869
Cell5,4300,614.4130100238918,0.8355540201145729,-0.00258115699447925
Cell5,4400,612.4443360817295,0.8328767763065282,-0.003204154062567466
Cell5,4500,609.5275837131619,0.8289102194018485,-0.004762477496695117
Cell5,4600,608.9826949116347,0.8281692129107688,-0.0008939526546244414
Cell5,4800,605.3543107357652,0.8232348919650748,-0.005958107194484308
Cell5,5000,456.1288635874498,0.620299862540289,-0.2465092665598474
Cell6,0,732.7947554512294,1.0,
Cell6,100,724.683839133562,0.9889315306129981,-0.0110684693870019
Cell6,200,719.9780780561117,0.9825098674631948,-0.006493536661555055
Cell6,300,716.7605490247803,0.9781191031906665,-0.0044689263873402
Cell6,400,711.6736520202331,0.9711773272476675,-0.007097066114294837
Cell6,500,707.7770533721924,0.9658598783725847,-0.005475260517203928
Cell6,600,704.24917843416,0.9610456041003022,-0.004984443789501247
Cell6,700,702.8095879125638,0.9590810833243453,-0.0020441493801909294
Cell6,800,698.8143263731588,0.9536289952605533,-0.005684699822140149
Cell6,900,696.0256867891575,0.9498235100776194,-0.003990530071806497
Cell6,1000,692.8134515610182,0.9454399699332016,-0.004615110173530668
Cell6,1100,689.8064009492865,0.9413364326338932,-0.004340346748401447
Cell6,1200,686.8602393222861,0.9373159867927023,-0.00427099780887219
Cell6,1300,683.7786761748114,0.9331107668118672,-0.004486448583070235
Cell6,1400,680.8693882005513,0.9291406401800675,-0.004254721704009867
Cell6,1600,674.4000038665567,0.9203122686805868,-0.00950165251384305
Cell6,1800,669.1830335504253,0.9131929896773971,-0.007735721064977552
Cell6,1900,666.0073376705458,0.9088593125375763,-0.0047456311960428765
Cell6,2000,662.6077744153612,0.9042201373389339,-0.005104393094338966
Cell6,2100,660.0615587268948,0.9007454731583769,-0.0038427193081351785
Cell6,2200,656.3749726963332,0.8957146156049662,-0.005585215472435845
Cell6,2300,654.4088374134284,0.8930315515296862,-0.0029954452328188053
Cell6,2400,650.3692897362026,0.887519028893333,-0.006172819568256771
Cell6,2500,648.4450826764289,0.8848931816892427,-0.0029586376388623936
Cell6,2600,644.3100797990757,0.8792503972034188,-0.006376797338467299
Cell6,2700,643.5074922832472,0.8781551553094805,-0.0012456541360935658
Cell6,2800,641.3314137706706,0.8751855946018078,-0.0033815900182538883
Cell6,2900,637.279799374644,0.8696566052553546,-0.006317504973295085
Cell6,3000,636.6215899044223,0.868758387213638,-0.0010328422003451632
Cell6,3100,633.9956139734056,0.8651748791283492,-0.00412486157029468
Cell6,3200,630.1612188131205,0.8599423155329342,-0.006047983733284856
Cell6,3300,629.0775840845405,0.8584635457675682,-0.0017196150702847302
Cell6,3500,622.9330971371867,0.8500785417788727,-0.009767454925763253
Cell6,3600,622.4655750181377,0.8494405430547126,-0.0007505173849288171
Cell6,3700,620.3313260135905,0.8465280645077926,-0.003428702068359435
Cell6,3800,616.1640442853969,0.8408412310565523,-0.006717832154267578
Cell6,3900,615.9681421137119,0.8405738953936975,-0.00031793833720406006
Cell6,4000,613.5031779021912,0.8372101101138713,-0.00400177223948972
Cell6,4100,609.6173818637355,0.8319074028966739,-0.006333783064894072
Cell6,4200,609.0230988884279,0.8310964214166798,-0.0009748458508365143
Cell6,4300,607.3699490541111,0.8288404693618664,-0.0027144287915089604
Cell6,4400,605.5915026358235,0.8264135327536855,-0.0029281106532471624
Cell6,4500,601.5582612949864,0.820909615987314,-0.006660003192387132
Cell6,4600,586.0442340937907,0.7997385758211726,-0.025789733429640527
Cell6,4800,586.3836032445917,0.8002016920597598,0.0005790845316067106
Cell6,5000,579.0231519723749,0.7901573362323433,-0.012552280165219032
Cell7,0,728.7460724569092,1.0,
Cell7,100,720.3477780451694,0.9884756916995441,-0.011524308300455921
Cell7,200,716.2137717431438,0.9828029252061505,-0.005738903385312355
Cell7,300,713.9550899355027,0.9797035166563025,-0.003153641966621046
Cell7,400,710.350491252628,0.9747572139328834,-0.005048775103207559
Cell7,500,707.6044991402621,0.9709891083935862,-0.0038656862297985484
Cell7,600,705.1038567303704,0.9675576766447179,-0.0035339549323527564
Cell7,700,705.0077744360792,0.9674258305903478,-0.00013626686816980982
Cell7,800,702.2042278220113,0.9635787476076347,-0.003976618011497068
Cell7,900,700.1065200427925,0.9607002308533056,-0.002987318640511716
Cell7,1000,698.0250408537157,0.9578439832963764,-0.0029730892792564356
Cell7,1100,695.9609703262058,0.9550116242545623,-0.002957015016231246
Cell7,1200,694.0032339821371,0.9523251791153543,-0.002812997319592725
Cell7,1300,692.0996562801377,0.9497130515527568,-0.002742894569924159
Cell7,1400,690.2711085194838,0.9472038815829084,-0.002642029574876248
Cell7,1600,686.4617323634372,0.9419765790971418,-0.005518666664489413
Cell7,1800,682.4584052490438,0.9364831332101589,-0.005831828528314653
Cell7,1900,680.1674774869656,0.9333394761138611,-0.003356875297392259
Cell7,2000,677.9978592043389,0.9303622823221855,-0.0031898294970569285
Cell7,2100,676.4506853791333,0.9282392193189238,-0.00228197449918377
Cell7,2200,673.9377403666314,0.9247909056916136,-0.0037148975776313264
Cell7,2300,672.468531256646,0.9227748274367668,-0.0021800368520482616
Cell7,2400,669.8150416123352,0.9191336556423656,-0.003945894151139218
Cell7,2500,668.3161981719089,0.9170769125639802,-0.002237697494547719
Cell7,2600,665.2058399162529,0.9128088164833115,-0.004654021949735743
Cell7,2700,663.9368706189983,0.9110675113220001,-0.0019076340301136252
Cell7,2800,662.0301297966885,0.9084510432621704,-0.0028718706652519632
Cell7,2900,658.9018480706211,0.9041583522353487,-0.004725286033474108
Cell7,3000,657.9000267184718,0.9027836328508975,-0.001520440950473545
Cell7,3100,655.9158499218208,0.9000609055915085,-0.0030159244810307184
Cell7,3200,652.8250279489034,0.8958196175904674,-0.004712223333657506
Cell7,3300,651.8482504032085,0.8944792638203237,-0.0014962317678963721
Cell7,3500,647.4990219249642,0.8885111651332444,-0.00667214873331945
Cell7,3600,646.8315112267524,0.8875951935439069,-0.0010309061104484263
Cell7,3700,645.304202881158,0.8854993903508341,-0.0023612151218449506
Cell7,3800,642.4368996081984,0.881564819200018,-0.004443335809929061
Cell7,3900,641.9201636369663,0.8808557437198717,-0.0008043373155358635
Cell7,4000,640.2204043260972,0.8785232998479775,-0.0026479294578296564
Cell7,4100,637.2624875981344,0.8744643870939225,-0.004620153790750203
Cell7,4200,636.4617755194159,0.8733656338944453,-0.0012564870744806722
Cell7,4300,634.8833453988138,0.8711996803747502,-0.002480007726016087
Cell7,4400,633.3857813411086,0.8691446928910354,-0.002358801925674392
Cell7,4500,630.5555548837211,0.8652609992913627,-0.004468408576199456
Cell7,4600,630.0056152500645,0.8645063610786275,-0.0008721509617944934
Cell7,4800,626.7490104275444,0.860037582521042,-0.005169167930713536
Cell7,5000,623.0463727946269,0.8549567487809242,-0.005907688039892833
Cell7,5100,621.9010570358344,0.8533851234890976,-0.0018382512262374862
Cell7,5200,618.8233159558885,0.8491617853521667,-0.004948924021154322
Cell7,5300,618.954853098738,0.8493422832619613,0.0002125600950351192
Cell7,5400,617.5276695204672,0.8473838732859608,-0.0023057959253826033
Cell7,5500,614.2925687191706,0.8429446029782806,-0.005238794892881038
Cell7,5600,614.5690801391297,0.8433240375034325,0.00045012984698100666
Cell7,5700,613.1146593468561,0.8413282520752242,-0.0023665700720646443
Cell7,5800,611.3462823719076,0.838901649666258,-0.0028842516615609215
Cell7,5900,610.0332969423896,0.8370999446840393,-0.0021476951236603092
Cell7,6000,608.8085860090601,0.8354193717387877,-0.0020076132556500204
Cell7,6100,606.0533887321608,0.8316386346878003,-0.004525555881135901
Cell7,6200,605.9034227150879,0.8314328483065889,-0.00024744687491407014
Cell7,6300,604.6515080966797,0.8297149459181925,-0.002066194993252113
Cell7,6400,601.8397427911003,0.8258565850818869,-0.004650224580486362
Cell7,6500,602.0161384365811,0.8260986387301296,0.0002930940463696796
Cell7,6600,600.7270194675835,0.824329683784477,-0.0021413362311936135
Cell7,6700,598.7575378921711,0.8216271216028758,-0.0032784967407625265
Cell7,6800,599.0486078144938,0.8220265335974288,0.0004861231866031268
Cell7,6900,597.851621443797,0.820384004853965,-0.0019981456514253093
Cell7,7000,594.991572602095,0.8164593883794506,-0.004783877368760958
Cell7,7100,597.1592893788655,0.8194339728865923,0.003643273075768949
Cell7,7200,593.9663081994765,0.8150524999702112,-0.00534695053092149
Cell7,7300,592.768780769216,0.8134092287739451,-0.002016153801535636
Cell7,7400,590.6981891224568,0.8105679213212978,-0.003493084848483874
Cell7,7500,589.9650195246209,0.809561851270911,-0.001241191544746667
Cell7,7600,588.6221542203064,0.8077191445242562,-0.0022761778408431077
Cell7,7700,586.5107416551988,0.8048218217874227,-0.003587042298644594
Cell7,7800,586.0648501349624,0.8042099604860874,-0.0007602444227671201
Cell7,7900,584.9615834635077,0.8026960357966066,-0.001882499302254037
Cell7,8000,582.8396748034193,0.79978431010739,-0.003627432501677852
Cell7,8100,582.8069570864598,0.7997394141989302,-5.6135020270464686e-05
Cell8,0,727.5279508776244,1.0,
Cell8,100,720.0435691727091,0.9897125853434403,-0.01028741465655969
Cell8,300,713.4368676427137,0.9806315575670838,-0.009175419117465666
Cell8,400,709.5431372565274,0.9752795564769686,-0.005457708401097383
Cell8,500,706.6031208953756,0.9712384521350595,-0.004143534348763467
Cell8,600,703.9271830937772,0.9675603284308495,-0.0037870449796592043
Cell8,700,702.8268331586339,0.9660478780379594,-0.0015631587493286636
Cell8,800,699.6604835476685,0.9616956746523083,-0.004505163237344401
Cell8,900,697.5051870107625,0.9587331815490454,-0.0030804891623683606
Cell8,1000,695.446358352956,0.9559032852470231,-0.0029517037237095645
Cell8,1100,693.3844109134182,0.9530691021245045,-0.0029649266471410973
Cell8,1200,691.3525594293859,0.9502762864236353,-0.002930339148172645
Cell8,1300,689.3511783582153,0.9475253528426556,-0.0028948776479867933
Cell8,1400,687.4919010955946,0.9449697434528337,-0.0026971409072641395
Cell8,1600,683.6927504525519,0.9397477438877864,-0.0055261023976985735
Cell8,1800,679.848343976271,0.9344635393817695,-0.00562300313077202
Cell8,1900,677.445316785953,0.9311605361261291,-0.0035346518258224657
Cell8,2000,675.2706367701213,0.9281714000892136,-0.0032101189010341757
Cell8,2100,673.7840156124403,0.9261280130882225,-0.00220151903063881
Cell8,2200,671.1616689531791,0.9225235513543498,-0.0038919692342027634
Cell8,2300,669.7381704212172,0.9205669275157129,-0.002120947303474785
Cell8,2400,666.3400254420031,0.9158961173081945,-0.005073840986361655
Cell8,2500,664.4188097638958,0.9132553724738692,-0.0028832361928626815
Cell8,2600,660.65981312422,0.908088565294652,-0.005657571074803691
Cell8,2700,659.2901306798706,0.9062059126176006,-0.002073203814035973
Cell8,2800,656.7032675046592,0.9026502235583819,-0.0039237098431063044
Cell8,2900,652.6045603641833,0.8970164783042901,-0.006241338125284712
Cell8,3000,651.5216355353732,0.8955279790273843,-0.0016593889999876321
Cell8,3100,649.2333106060079,0.8923826360524445,-0.0035122777273313144
Cell8,3200,645.7033994370321,0.8875307108931189,-0.005437045683439945
Cell8,3300,644.6697350407342,0.8861099209495147,-0.0016008346823002118
Cell8,3500,639.1331897895914,0.8784998418529466,-0.008588188571925115
Cell8,3600,638.4180527239549,0.8775168733432505,-0.0011189171162772071
Cell8,3700,636.1130349142321,0.8743485857098444,-0.003610514771454132
Cell8,3800,632.0343069341329,0.8687423021640659,-0.006411954725387914
Cell8,3900,631.3156809755113,0.8677545381094276,-0.0011370046700589498
Cell8,4000,629.1404956210293,0.8647647074756244,-0.003445479686360553
Cell8,4100,625.4674043331942,0.8597159787176375,-0.00583826873870108
Cell8,4200,624.585982483317,0.8585044488392131,-0.00140922107814212
Cell8,4300,622.6337554192608,0.8558210783079485,-0.00312563380992692
Cell8,4400,620.4760864495748,0.8528553242539866,-0.0034653902890842136
Cell8,4500,616.9983768202243,0.8480751510315622,-0.005604905177329811
Cell8,4600,616.3392972988486,0.8471692346051477,-0.0010682030069063542
Cell8,4800,612.2732738059557,0.8415804136011051,-0.006597053783058304
Cell8,5000,607.3262718804694,0.8347806722035154,-0.008079728672027664
Cell8,5100,605.9417256364678,0.8328775889716871,-0.002279740409902975
Cell8,5200,601.8903820841234,0.8273089458048407,-0.006686028343879102
Cell8,5300,601.934788576745,0.827369983312153,7.377837218092154e-05
Cell8,5400,600.0077753818733,0.8247212696887835,-0.003201365382831556
Cell8,5500,596.3490335138482,0.8196922644614083,-0.006097824091856996
Cell8,5600,596.2266060789286,0.8195239857928405,-0.00020529493306664648
Cell8,5700,594.340960205607,0.816932132282543,-0.003162632888395578
Cell8,5800,592.0146001761711,0.8137345093917255,-0.003914184256510023
Cell8,5900,590.4843031513402,0.8116310891410191,-0.0025848974406637026
Cell8,6000,588.5823764392428,0.8090168573306769,-0.003220960662200567
Cell8,6100,585.2882372464059,0.8044890049108995,-0.005596734330996389
Cell8,6200,585.1320387309231,0.804274307296472,-0.00026687451676388196
Cell8,6300,583.2241106854588,0.8016518265475705,-0.0032606795033859326
Cell8,6400,579.8709863302748,0.797042897981817,-0.005749289670557434
Cell8,6500,580.3408685542026,0.7976887593859885,0.000810322011282949
Cell8,6600,578.5533542486776,0.7952317894463886,-0.0030801110216109873
Cell8,6700,578.0345206396925,0.7945186435000929,-0.0008967774625711078
Cell8,6800,577.7142932865601,0.794078485355315,-0.0005539934756457754
Cell8,6900,576.4201292408752,0.7922996340491574,-0.002240145450309816
Cell8,7000,573.0210856189168,0.7876275886413375,-0.005896816314230446
Cell8,7100,574.6346477946778,0.7898454583105572,0.0028158862147598107
Cell8,7200,571.4523631333856,0.785471351917183,-0.005537926878417698
Cell8,7300,569.8082029910108,0.7832114248031918,-0.0028771604571893317
Cell8,7400,567.5662622753906,0.7801298377481299,-0.003934553247657568
Cell8,7500,566.657307630317,0.7788804635571079,-0.001601495200630243
Cell8,7600,565.3637467862752,0.7771024413622475,-0.002282792133134648
Cell8,7700,562.9671093293153,0.7738082209078048,-0.004239107071479564
Cell8,7800,562.6004974372796,0.7733043063962132,-0.000651213696076347
Cell8,7900,561.1111478911845,0.7712571691772259,-0.002647259561410431
Cell8,8000,558.1610835707194,0.7672022537380233,-0.0052575400284815554
Cell8,8100,558.9581404180535,0.7682978224324942,0.0014280050522963439
